X,Y,OBJECTID,駅名,放置台数_自転車,放置台数_原付,放置台数_自二,実収容台数_自転車,実収容台数_原付,収容能力_自転車,収容能力_原付,F_TEST
139.839999230000103,35.747601909105121,1,お花茶屋駅,74,7,0,892,8,2927,58,2035
139.778646626000068,35.629825153106331,2,お台場海浜公園駅,116,0,0,217,10,217,20,0
139.481864022000082,35.517121024107524,3,すずかけ台駅,0,0,0,253,53,253,80,0
139.484983772000078,35.527165356107453,4,つくし野駅,0,0,0,39,99,275,155,236
139.798636726000041,35.712376356105473,5,つくばエクスプレス浅草駅,301,22,8,282,0,760,0,478
139.574950946000058,35.657928375106017,6,つつじヶ丘駅,27,0,0,3113,79,4370,135,1257
139.779410524000014,35.61755905310644,7,テレコムセンター駅,13,4,1,0,0,0,0,0
139.808883669000011,35.710317254105497,8,とうきょうスカイツリー駅,51,6,0,513,0,1920,0,1407
139.68881233500008,35.758821523104984,9,ときわ台駅,208,13,8,1212,13,1686,55,474
139.545805083000118,35.751474023105082,10,ひばりヶ丘駅,37,4,2,3902,106,5381,182,1479
139.308403702000078,35.643570268106217,11,めじろ台駅,1,0,0,274,83,638,317,364
139.635681666000096,35.704881060105549,12,阿佐ヶ谷駅,73,9,8,3138,11,3461,43,323
139.608242378000114,35.670511424105896,13,芦花公園駅,20,0,2,160,1,274,18,114
139.825198739000029,35.762146245104958,14,綾瀬駅,48,9,2,7825,82,10867,192,3042
139.583058500000107,35.697332672105659,15,井の頭公園駅,13,1,0,181,0,420,15,239
139.615601654000102,35.724653975105376,16,井荻駅,50,3,5,881,2,1451,11,570
139.480062050000015,35.7220974771054,17,一橋学園駅,24,0,0,811,17,1764,87,953
139.882888285000035,35.685941968105737,18,一之江駅,22,0,0,3370,39,4636,46,1266
139.782206597000027,35.711385605105519,19,稲荷町駅,26,2,1,76,0,76,0,0
139.500160565000101,35.636181917106263,20,稲城駅,6,0,0,654,123,791,180,137
139.502242721000016,35.644440376106139,21,稲城長沼駅,12,0,0,1286,52,1372,53,86
139.316210887000011,35.75805906710503,22,羽村駅,7,0,0,2778,43,4175,50,1397
139.680536815000096,35.575498775106936,23,鵜の木駅,35,2,1,109,0,123,0,14
139.712109658000031,35.610050315106562,24,荏原中延駅,35,2,1,86,18,165,20,79
139.707341964000079,35.603866082106634,25,荏原町駅,32,4,0,158,3,253,4,95
139.816619486000036,35.718216712105431,26,曳舟駅,50,4,0,730,3,893,7,163
139.448249645000033,35.62987070610636,27,永山駅,11,0,0,1131,128,1856,536,725
139.642709094000111,35.676233569105882,28,永福町駅,67,0,2,898,2,1537,7,639
139.792490502000078,35.668000100105964,29,越中島駅,16,1,2,266,0,300,0,34
139.096862630000032,35.809346914104466,30,奥多摩駅,0,0,0,10,5,25,5,15
139.672639039000046,35.60399247710663,31,奥沢駅,33,3,3,149,0,200,0,51
139.813535540000089,35.709625685105486,32,押上駅,217,32,7,2727,3,3080,5,353
139.738010577000068,35.752516663105041,33,王子駅,389,11,5,3154,83,3664,101,510
139.735638865000055,35.765289784104915,34,王子神谷駅,26,2,0,765,32,1184,45,419
139.620141788000069,35.704422817105566,35,荻窪駅,83,23,14,8627,0,9360,0,733
139.62509955400003,35.723850669105353,36,下井草駅,15,2,1,443,2,944,10,501
139.685465266000051,35.571470950106935,37,下丸子駅,2,0,0,515,5,561,10,46
139.641992294000033,35.66606716710595,38,下高井戸駅,25,2,5,477,3,864,35,387
139.72612390300003,35.608809672106567,39,下神明駅,2,0,2,49,0,169,0,120
139.644755200000077,35.770496075104866,40,下赤塚駅・地下鉄赤塚駅,71,4,7,1032,15,1522,20,490
139.715033087000052,35.74548779310512,41,下板橋駅,65,2,3,414,6,685,38,271
139.66652281000006,35.660942155106,42,下北沢駅,194,5,16,534,2,576,32,42
139.695482204000086,35.715761378105469,43,下落合駅,6,1,0,12,1,88,10,76
139.284085126000036,35.784712350104719,44,河辺駅,13,0,0,1485,85,3134,358,1649
139.51322372300001,35.726131309105327,45,花小金井駅,24,0,0,5052,110,7916,190,2864
139.717684021000082,35.670342496105903,46,外苑前駅,260,0,0,0,0,0,0,0
139.685263659000043,35.62875992510633,47,学芸大学駅,89,3,1,1367,30,1898,52,531
139.872341016000064,35.663622406105972,48,葛西駅,17,2,0,6459,59,9800,89,3341
139.861676964000026,35.644382945106202,49,葛西臨海公園駅,0,0,0,1940,7,3170,11,1230
139.715613640000015,35.56197088710708,50,蒲田駅,320,13,26,9942,107,12404,204,2462
139.779264425000065,35.680346939105789,51,茅場町駅,138,6,0,51,0,113,0,62
139.775177968000094,35.695571791105671,52,岩本町駅,156,3,0,27,0,35,0,8
139.587447729000019,35.636691342106268,53,喜多見駅,67,5,5,3217,54,3519,84,302
139.702497617000063,35.604847447106593,54,旗の台駅,37,2,1,155,21,273,52,118
139.82607221100011,35.697587866105607,55,亀戸駅,260,13,8,2343,3,3613,84,1270
139.833471375000045,35.699968228105568,56,亀戸水神駅,5,0,0,65,0,70,0,5
139.847535362000031,35.76648957710492,57,亀有駅,55,0,0,3532,65,6114,145,2582
139.806120036000038,35.688406193105727,58,菊川駅,37,14,2,181,0,253,0,72
139.579762613000071,35.703135316105559,59,吉祥寺駅,68,4,3,10275,158,14963,441,4688
139.685624822000023,35.579561924106883,60,久が原駅,33,2,0,216,0,337,0,121
139.59930845000008,35.688127932105715,61,久我山駅,5,0,0,1802,23,1968,27,166
139.472729688000072,35.749565119105107,62,久米川駅,249,16,6,2118,49,3706,76,1588
139.64492245100007,35.647525043106192,63,宮の坂駅,27,2,0,0,0,0,0,0
139.237169207000079,35.787619919104699,64,宮ノ平駅,0,3,0,22,6,55,6,33
139.7360384750001,35.700917153105564,65,牛込神楽坂駅,6,1,0,31,0,45,0,14
139.725184590000026,35.699458082105572,66,牛込柳町駅,14,2,2,37,5,106,14,69
139.811781045000089,35.743999171105123,67,牛田駅・京成関屋駅,1,0,0,137,0,248,0,111
139.333704845000057,35.734421487105251,68,牛浜駅,2,0,0,243,12,1123,88,880
139.517791731000102,35.633009782106278,69,京王よみうりランド駅,0,0,0,600,20,656,92,56
139.536602986000048,35.644477381106185,70,京王多摩川駅,15,1,0,368,16,680,49,312
139.343238550000024,35.657782516106032,71,京王八王子駅,32,11,8,1752,211,2639,400,887
139.336973097000055,35.644359396106211,72,京王片倉駅,7,1,0,226,31,226,31,0
139.400346101000082,35.624547073106406,73,京王堀之内駅,8,1,1,1205,85,1888,257,683
139.723722875000021,35.560862166107043,74,京急蒲田駅,4,0,0,1511,0,2438,0,927
139.770105820000026,35.67670190410589,75,京橋駅,28,0,0,0,0,0,0,0
139.820220066000047,35.718578116105405,76,京成曳舟駅,51,0,2,673,7,1362,20,689
139.896139589000086,35.73771208110518,77,京成江戸川駅,8,0,0,0,0,0,0,0
139.867019923000043,35.750917740105088,78,京成高砂駅,11,1,0,1745,12,2723,68,978
139.883567118000087,35.742251981105113,79,京成小岩駅,28,1,0,783,1,1723,4,940
139.848169981000069,35.738188111105224,80,京成立石駅,131,12,0,1071,0,1585,0,514
139.499640326000076,35.656208103106046,81,競艇場前駅,66,0,0,151,1,155,1,4
139.293672417000039,35.640589889106238,82,狭間駅,1,7,7,112,27,254,27,142
139.463437960000078,35.563520309107048,83,玉川学園前駅,13,2,0,774,372,1090,406,316
139.417834292000066,35.732322991105249,84,玉川上水駅,44,0,0,4148,80,5479,80,1331
139.814156943000057,35.696717998105626,85,錦糸町駅,449,69,26,3975,20,5974,25,1999
139.870398952000073,35.769551176104869,86,金町駅・京成金町駅,31,0,0,6663,22,9382,212,2719
139.766784943000062,35.674517622105881,87,銀座一丁目駅,79,0,0,0,0,0,0,0
139.764006652000035,35.671980828105916,88,銀座駅,52,3,0,0,0,0,0,0
139.751310665000119,35.695832270105619,89,九段下駅,160,13,2,83,11,95,15,12
139.660982088000083,35.60536504310658,90,九品仏駅,7,3,1,142,0,153,0,11
139.74792875300011,35.736812422105224,91,駒込駅,165,4,2,683,5,1425,11,742
139.684156619000078,35.658699242106053,92,駒場東大前駅,18,6,3,68,3,131,5,63
139.660959981000019,35.633036695106291,93,駒沢大学駅,143,3,4,731,14,731,18,0
139.335787722000077,35.728323761105301,94,熊川駅,1,0,0,10,1,69,7,59
139.769182126000032,35.74919194110506,95,熊野前駅,0,0,0,75,0,300,0,225
139.207508872000062,35.807535330104479,96,軍畑駅,3,0,0,0,0,0,0,0
139.709964784000022,35.646926468106159,97,恵比寿駅,92,13,8,1011,113,1097,130,86
139.636614732000112,35.651247453106109,98,経堂駅,98,15,8,3228,52,4607,137,1379
139.746633804000112,35.550356948107179,99,穴守稲荷駅,5,0,0,231,0,361,0,130
139.784378383000103,35.664108282105985,100,月島駅,152,3,6,388,26,1413,26,1025
139.770712085000014,35.8145368061044,101,見沼代親水公園駅,0,0,1,1124,18,1417,28,293
139.702484673000072,35.67084809910591,102,原宿・明治神宮前駅,8,0,2,95,9,117,9,22
139.151689062000059,35.816292161104379,103,古里駅,0,0,0,3,0,27,3,24
139.716368647000081,35.614426327106472,104,戸越駅,7,1,0,122,0,208,0,86
139.714962680000099,35.616000740106493,105,戸越銀座駅,49,0,0,59,2,114,3,55
139.718373188000101,35.608956972106547,106,戸越公園駅,29,2,1,102,0,134,0,32
139.750113035000027,35.670158430105928,107,虎ノ門駅,22,0,0,0,0,0,0,0
139.722949606000043,35.62695530910635,108,五反田駅,190,23,6,331,60,461,99,130
139.809979414000054,35.76564494010492,109,五反野駅,3,0,0,1720,16,2988,35,1268
139.751004289000093,35.707325581105536,110,後楽園駅,99,10,2,402,0,790,0,388
139.751490887000045,35.66098444710606,111,御成門駅,37,2,0,0,0,0,0,0
139.765011326000035,35.699559967105621,112,御茶ノ水駅,243,6,5,80,10,80,10,0
139.774654706000092,35.707031434105517,113,御徒町駅・上野御徒町駅・上野広小路駅・仲御徒町駅,253,6,2,647,0,1049,0,402
139.18254798800001,35.801467881104543,114,御嶽駅,0,0,0,12,7,45,9,33
139.682504111000071,35.585170890106838,115,御嶽山駅,148,5,4,130,0,137,0,7
139.727446247000103,35.719180776105425,116,護国寺駅,17,0,0,30,0,150,0,120
139.629238155000053,35.758467809105007,117,光が丘駅,13,0,0,5766,78,6604,122,838
139.72220565300006,35.651500724106114,118,広尾駅,282,3,0,50,0,50,0,0
139.672732274000055,35.737562864105179,119,江古田駅,62,3,5,404,27,1395,65,991
139.734124045000044,35.709294799105521,120,江戸川橋駅,81,0,0,486,0,507,0,21
139.770301901000039,35.773938482104818,121,江北駅,8,0,1,482,0,566,29,84
139.409200732000045,35.678267185105796,122,甲州街道駅,43,0,0,746,17,896,17,150
139.752795208000066,35.750894671105101,123,荒川車庫駅,45,1,0,0,0,0,0,0
139.615252745000021,35.68322567310576,124,高井戸駅,33,0,1,1107,0,1406,0,299
139.649718499000073,35.705303498105522,125,高円寺駅,381,53,22,2702,14,3169,93,467
139.413311219000093,35.7101697131055,126,高松駅,5,0,0,297,0,380,0,83
139.703775025000027,35.71294415910549,127,高田馬場駅,188,3,10,824,28,1211,113,387
139.661164952000036,35.788831247104689,128,高島平駅,94,3,2,1733,33,2146,110,413
139.413183862000096,35.662257530106032,129,高幡不動駅,53,1,4,1827,137,3067,253,1240
139.28176411700008,35.641693323106232,130,高尾駅,1,0,0,1629,292,2465,1054,836
139.269833469000105,35.632371559106268,131,高尾山口駅,0,0,0,74,10,100,14,26
139.770676040000012,35.768415542104904,132,高野駅,0,0,0,289,4,376,5,87
139.730368715000054,35.631676626106319,133,高輪台駅,15,0,0,0,0,0,0,0
139.647414232000074,35.653739141106101,134,豪徳寺・山下駅,27,4,5,408,17,597,46,189
139.792809944000055,35.63481562610631,135,国際展示場駅・有明駅,185,10,17,0,0,0,0,0
139.791180895000025,35.630151233106325,136,国際展示場正門駅,35,4,6,0,0,0,0,0
139.480574359000116,35.700229189105613,137,国分寺駅,26,2,0,4566,64,6865,228,2299
139.445962746000077,35.699200966105572,138,国立駅,81,0,0,6331,107,10261,184,3930
139.714873291000117,35.679855536105798,139,国立競技場駅,7,0,0,6,0,7,0,1
139.55830547000005,35.65012695710611,140,国領駅,8,0,0,1035,20,2103,30,1068
139.57740892400011,35.632175238106306,141,狛江駅,79,8,0,3109,77,3366,183,257
139.765663967000023,35.717397787105398,142,根津駅,86,0,0,54,0,55,0,1
139.41812432800009,35.723336678105369,143,砂川七番駅,254,0,0,119,0,119,0,0
139.639624667000021,35.722610026105336,144,鷺ノ宮駅,49,7,2,1420,20,2678,50,1258
139.41664387000003,35.739046445105167,145,桜街道駅,80,0,0,381,6,399,6,18
139.631472418000044,35.667633410105928,146,桜上水駅,52,2,2,1742,18,2177,55,435
139.645463355000061,35.631713150106322,147,桜新町駅,89,9,10,2105,36,2502,67,397
139.662380124000038,35.738711954105177,148,桜台駅,89,6,4,316,22,784,52,468
139.667181939000102,35.673640786105906,149,笹塚駅,80,3,3,1107,114,1218,159,111
139.714839409000092,35.720264746105379,150,雑司が谷駅,3,0,0,38,0,68,0,30
139.714936008000109,35.549623328107167,151,雑色駅,19,0,0,1198,13,1827,18,629
139.742289270000015,35.605097834106587,152,鮫洲駅,9,0,0,32,16,73,16,41
139.791159508000078,35.729285181105311,153,三ノ輪駅,78,0,3,299,0,402,0,103
139.791567386000111,35.732126768105267,154,三ノ輪橋駅,115,0,0,156,0,193,0,37
139.773077068000021,35.684930326105778,155,三越前駅,103,0,2,0,0,0,0,0
139.776499350000108,35.733447091105255,156,三河島駅,26,4,0,188,0,440,0,252
139.66897598200012,35.644118381106175,157,三軒茶屋駅,172,7,3,2483,45,2993,51,510
139.560668051000107,35.702636464105588,158,三鷹駅,130,5,1,12694,138,15950,206,3256
139.589291512000045,35.692109860105695,159,三鷹台駅,24,2,2,717,0,1458,0,741
139.693531249000102,35.67851348810585,160,参宮橋駅,4,0,1,65,28,68,28,3
139.320960318000061,35.644348823106199,161,山田駅,0,0,0,98,52,178,92,80
139.73025529500012,35.684947867105755,162,四ツ谷駅,134,9,3,451,9,565,47,114
139.834904735,35.731801550105253,163,四ツ木駅,24,0,0,1413,0,1672,0,259
139.719322833000092,35.687838616105743,164,四谷三丁目駅,54,0,1,170,0,286,0,116
139.735289957000077,35.69107611110573,165,市ヶ谷駅,99,8,10,184,7,205,22,21
139.785633924000081,35.645687747106187,166,市場前駅,4,0,0,0,0,0,0,0
139.694721911000101,35.776340952104775,167,志村坂上駅,59,6,2,261,4,764,4,503
139.685859350000101,35.777475625104827,168,志村三丁目駅,32,1,1,1438,28,1780,189,342
139.732492682000043,35.778028063104813,169,志茂駅,9,0,0,85,0,100,0,15
139.668717905000108,35.607333539106612,170,自由が丘駅,40,4,10,462,18,879,28,417
139.759924521000016,35.662907048105993,171,汐留駅,67,10,23,0,0,0,0,0
139.903878535000104,35.706118819105534,172,篠崎駅,13,0,0,3121,11,3900,25,779
139.566620639000121,35.654042805106101,173,柴崎駅,13,0,0,635,9,1888,34,1253
139.409284355000068,35.689709794105717,174,柴崎体育館駅,2,0,0,316,19,325,30,9
139.875121470000067,35.75636931310499,175,柴又駅,5,1,0,0,0,0,0,0
139.757842845000027,35.641750513106246,176,芝浦ふ頭駅,0,0,0,18,0,104,0,86
139.749715827000045,35.653456245106113,177,芝公園駅,103,2,4,0,0,0,0,0
139.770094286000017,35.805677849104498,178,舎人駅,3,1,1,508,6,686,14,178
139.770178870000109,35.796401981104623,179,舎人公園駅,7,0,0,363,0,648,0,285
139.718181192000088,35.699164682105589,180,若松河田駅,9,0,0,97,14,109,14,12
139.472415382,35.619347329106446,181,若葉台駅,11,0,0,325,59,325,60,0
139.659889947000011,35.645943902106161,182,若林駅,34,5,1,0,0,0,0,0
139.286711551000053,35.728052708105302,183,秋川駅,8,1,0,1217,41,1736,68,519
139.496858191000115,35.778462517104757,184,秋津駅,35,3,1,2068,72,3052,165,984
139.77310590400009,35.698309231105618,185,秋葉原駅,584,8,5,593,32,765,32,172
139.815703241000051,35.688813253105678,186,住吉駅,39,3,3,746,10,757,26,11
139.72228735300007,35.760358450104981,187,十条駅,145,2,3,1515,20,2308,44,793
139.701687102000051,35.658236914106013,188,渋谷駅,124,7,12,1099,246,1120,269,21
139.753236390000097,35.709948161105494,189,春日駅,134,9,8,183,0,262,0,79
139.686894300000063,35.681557785105781,190,初台駅,45,0,0,502,61,761,65,259
139.722574986000041,35.69233309410567,191,曙橋駅,61,4,0,170,46,280,78,110
139.777148867000051,35.658948908106048,192,勝どき駅,96,6,2,266,0,842,0,576
139.881874,35.733281047105258,193,小岩駅,79,9,0,5540,77,8655,100,3115
139.368569729000114,35.685838881105745,194,小宮駅,0,0,0,326,28,541,55,215
139.302188472000012,35.776092487104833,195,小作駅,1,0,0,3464,212,4412,250,948
139.812581328000078,35.75871315010501,196,小菅駅,3,0,0,187,0,462,15,275
139.46349202600004,35.737567670105243,197,小川駅,0,0,0,1913,33,3404,68,1491
139.767462560000013,35.695377975105622,198,小川町・淡路町駅,214,14,14,0,0,0,0,0
139.827673297000047,35.710292984105472,199,小村井駅,7,4,2,115,0,379,0,264
139.761682759000109,35.750523896105079,200,小台駅,44,3,0,0,0,0,0,0
139.679514600000061,35.743393862105144,201,小竹向原駅,30,5,3,1878,11,2163,61,285
139.778751395000086,35.690425152105675,202,小伝馬町駅,36,2,0,0,0,0,0,0
139.488452911000081,35.736952995105234,203,小平駅,8,0,0,2795,45,4376,125,1581
139.361703059000092,35.713342087105445,204,昭島駅,6,0,0,2589,0,5992,0,3403
139.749904940000079,35.570622949106955,205,昭和島駅,83,1,1,293,0,293,0,0
139.422148789000062,35.631667254106297,206,松が谷駅,1,0,0,98,7,268,9,170
139.655175599000017,35.643939841106203,207,松陰神社前駅,38,1,2,0,0,0,0,0
139.641954327,35.660025430106046,208,松原駅,8,2,0,55,5,150,14,95
139.664761207000083,35.719213696105392,209,沼袋駅,87,8,7,429,12,737,13,308
139.67322824200005,35.58257258010687,210,沼部駅,10,7,3,41,0,50,0,9
139.820380103000048,35.733667681105217,211,鐘ヶ淵駅,28,3,8,122,6,292,12,170
139.602953005000018,35.725273936105339,212,上井草駅,25,1,2,449,4,722,8,273
139.592272852000065,35.726189220105312,213,上石神井駅,36,5,2,1801,24,2987,45,1186
139.745921809000038,35.747080228105112,214,上中里駅,7,0,1,105,0,200,0,95
139.646226772000091,35.643690415106157,215,上町駅,60,5,7,124,2,189,6,65
139.676186514000051,35.763617091104955,216,上板橋駅,162,17,2,1234,22,2050,49,816
139.415850176000049,35.745851119105119,217,上北台駅,284,0,0,1195,41,1195,41,0
139.623492461000069,35.668808213105955,218,上北沢駅,55,3,1,119,0,200,0,81
139.776934764000089,35.713653029105451,219,上野駅,342,4,3,898,19,1060,23,162
139.63888191500007,35.611971233106551,220,上野毛駅,4,1,2,372,0,433,0,61
139.720246768000038,35.68008549810579,221,信濃町駅,21,0,0,126,4,132,12,6
139.672664991000033,35.715704428105418,222,新井薬師前駅,56,8,7,222,0,306,0,84
139.758139129000028,35.667051896105967,223,新橋駅,19,0,0,173,12,302,12,129
139.782282049000059,35.706951682105526,224,新御徒町駅,232,4,5,181,0,680,0,499
139.67055976600011,35.73248951510525,225,新江古田駅,27,6,3,283,3,406,4,123
139.648517985000012,35.697829843105644,226,新高円寺駅,48,2,1,980,0,1500,0,520
139.654359797000097,35.79020405210462,227,新高島平駅,31,5,5,158,7,446,18,288
139.668659994000109,35.741030080105183,228,新桜台駅,2,1,1,45,0,231,0,186
139.774012056000061,35.737241109105227,229,新三河島駅,16,2,0,0,0,0,0,0
139.879821159000016,35.751299088105043,230,新柴又駅,7,0,0,57,0,470,0,413
139.493677165,35.778238802104831,231,新秋津駅,37,1,1,1925,103,2731,127,806
139.700098992000108,35.690363396105724,232,新宿駅,556,12,4,1008,140,1588,186,580
139.710908904000121,35.68852393810571,233,新宿御苑前駅,47,2,1,62,6,76,8,14
139.706524240000022,35.690837258105688,234,新宿三丁目駅,22,1,3,0,0,0,0,0
139.699157036000088,35.693163073105659,235,新宿西口駅,110,2,1,46,6,71,7,25
139.857806532000041,35.716903980105414,236,新小岩駅,162,40,0,7393,0,11017,40,3624
139.526751131000083,35.695968277105671,237,新小金井駅,0,0,0,83,3,316,7,233
139.47077777100003,35.731282033105295,238,新小平駅,5,0,0,1892,106,3575,199,1683
139.660911441000053,35.662599470106024,239,新代田駅,4,0,0,61,0,67,0,6
139.700266237000051,35.700972181105584,240,新大久保駅,141,2,1,175,18,600,65,425
139.729350104000105,35.726134192105341,241,新大塚駅,10,0,0,148,0,236,0,88
139.669505112000024,35.697475167105623,242,新中野駅,79,2,0,199,0,490,0,291
139.774295364000068,35.689035766105739,243,新日本橋駅,58,0,0,0,0,0,0,0
139.741472507000026,35.616530350106473,244,新馬場駅,24,3,2,140,72,225,110,85
139.71935935800002,35.748835583105098,245,新板橋駅,140,6,7,201,6,447,81,246
139.773593462,35.670529926105921,246,新富町駅,51,0,0,41,32,202,32,161
139.790058477000116,35.648693357106147,247,新豊洲駅,30,1,0,0,0,0,0,0
139.826805832000105,35.646039779106154,248,新木場駅,25,14,1,254,17,364,45,110
139.798190781000017,35.688026767105704,249,森下駅,131,15,12,294,6,403,10,109
139.734513083000024,35.703867015105565,250,神楽坂駅,22,0,0,41,0,90,0,49
139.693631211000024,35.657209413106074,251,神泉駅,19,1,1,0,0,0,0,0
139.744723939000096,35.66262350010598,252,神谷町駅,43,2,0,0,0,0,0,0
139.77085554100006,35.691626627105684,253,神田駅,321,18,13,176,13,195,20,19
139.758032197000034,35.696023065105656,254,神保町駅,160,36,25,35,0,60,0,25
139.782271717000071,35.686283187105765,255,人形町駅,35,2,0,87,0,226,0,139
139.785169434000068,35.682995951105774,256,水天宮前駅,82,0,0,197,0,477,0,280
139.753407720000041,35.702000643105592,257,水道橋駅,252,19,23,260,10,325,10,65
139.897803156,35.693385346105693,258,瑞江駅,26,0,0,5498,26,7700,47,2202
139.65079646300012,35.643487366106193,259,世田谷駅,5,2,0,30,0,60,0,30
139.661735413000088,35.658322219106047,260,世田谷代田駅,20,3,1,43,0,95,0,52
139.488639620000072,35.656268417106034,261,是政駅,1,0,0,278,0,278,1,0
139.599043164000022,35.640119151106262,262,成城学園前駅,87,3,3,4043,195,5025,287,982
139.472830131000023,35.535387050107332,263,成瀬駅,91,17,0,1092,192,1097,237,5
139.632906483000056,35.777596883104799,264,成増駅・地下鉄成増駅,263,19,14,4145,121,4999,200,854
139.798726639000051,35.682206101105805,265,清澄白河駅,77,9,11,619,16,619,30,0
139.519767437000041,35.772111279104848,266,清瀬駅,39,0,0,5595,184,6364,286,769
139.447276919000046,35.650845920106107,267,聖蹟桜ヶ丘駅,21,0,1,1297,125,2238,238,941
139.742257070000051,35.745945315105153,268,西ヶ原駅,2,0,0,72,0,149,0,77
139.635285900000099,35.67882731310582,269,西永福駅,7,0,0,533,0,688,0,155
139.599414420000016,35.703776664105597,270,西荻窪駅,59,5,4,3226,16,3655,40,429
139.859143293000102,35.664593198105948,271,西葛西駅,18,7,0,4140,63,6150,98,2010
139.645846385000027,35.791877226104639,272,西高島平駅,76,3,4,751,30,1425,102,674
139.465911797000103,35.699725290105604,273,西国分寺駅,5,3,0,2430,0,3411,70,981
139.423954125000023,35.693753238105671,274,西国立駅,2,0,0,383,13,1205,42,822
139.698739088000025,35.615533891106466,275,西小山駅,86,3,4,557,15,1145,26,588
139.790433817000121,35.777234609104802,276,西新井駅,29,1,2,4904,46,7705,267,2801
139.770090557000117,35.781457181104763,277,西新井大師西駅,8,0,0,634,0,990,10,356
139.692557333000082,35.694513291105679,278,西新宿駅,57,0,0,173,0,178,0,5
139.684660518000101,35.689899146105724,279,西新宿五丁目駅,77,1,0,304,7,313,16,9
139.70906151500003,35.70770596810555,280,西早稲田駅,99,0,0,0,0,0,0,0
139.728720291000059,35.743417652105158,281,西巣鴨駅,27,3,0,332,0,709,0,377
139.666366618000097,35.644560764106188,282,西太子堂駅,6,0,0,0,0,0,0,0
139.673004528000092,35.787056668104682,283,西台駅,85,2,5,629,13,1506,116,877
139.721584971000084,35.60166425910667,284,西大井駅,34,4,0,421,1,527,11,106
139.826315390000104,35.68934622710568,285,西大島駅,58,2,2,451,0,644,0,193
139.529873043000066,35.657205808106056,286,西調布駅,3,0,0,1062,44,2176,110,1114
139.766734241000108,35.73212931310529,287,西日暮里駅,43,0,0,1358,0,2514,0,1156
139.706313502000057,35.587306151106802,288,西馬込駅,11,3,2,460,0,460,0,0
139.312560566000116,35.656610117106077,289,西八王子駅,19,0,3,3727,293,5734,644,2007
139.457269827000118,35.671046801105881,290,西府駅,0,0,0,762,21,963,29,201
139.448889058000077,35.767710036104866,291,西武園駅,6,0,0,129,0,132,0,3
139.700052855000081,35.696781676105623,292,西武新宿駅,115,0,1,0,0,0,0,0
139.552473510000027,35.728624129105306,293,西武柳沢駅,48,2,2,1221,18,2764,76,1543
139.442648837000092,35.765868895104894,294,西武遊園地駅,5,2,0,51,0,352,0,301
139.369705363000094,35.726203878105309,295,西武立川駅,0,0,0,1081,20,1146,31,65
139.393202371000029,35.703613744105539,296,西立川駅,0,0,0,364,8,624,96,260
139.820320269000035,35.772019727104826,297,青井駅,1,0,0,651,2,1911,20,1260
139.781271128000071,35.624744835106391,298,青海駅,8,1,1,0,0,0,0,0
139.724059288000035,35.672859106105911,299,青山一丁目駅,12,2,1,92,0,100,0,8
139.856248219,35.745781193105145,300,青砥駅,15,2,0,2216,9,2692,24,476
139.258079198000019,35.790519319104639,301,青梅駅,3,2,0,241,90,1039,186,798
139.476628715000061,35.730981904105306,302,青梅街道駅,0,0,0,102,0,180,0,78
139.742952964000096,35.609364753106568,303,青物横丁駅,49,4,1,181,17,442,95,261
139.606240240000034,35.743770645105116,304,石神井公園駅,29,2,2,5562,79,7722,278,2160
139.225100870000119,35.796774198104572,305,石神前駅,0,0,0,0,0,0,0,0
139.685196376000022,35.596969615106659,306,石川台駅,18,0,4,311,5,608,10,297
139.721058244000119,35.777624127104808,307,赤羽駅,624,16,5,4790,171,7344,248,2554
139.722105209000119,35.783354683104747,308,赤羽岩淵駅,22,0,1,116,0,116,0,0
139.744191685000033,35.654968902106084,309,赤羽橋駅,79,0,0,0,0,0,0,0
139.736403484000107,35.672098813105869,310,赤坂駅,109,1,0,0,0,0,0,0
139.737339913000028,35.676846081105843,311,赤坂見附駅,5,0,0,61,0,61,52,0
139.769007192000117,35.742860167105157,312,赤土小学校前駅,2,2,0,21,0,50,0,29
139.681115446000035,35.592122865106752,313,雪が谷大塚駅,80,1,4,252,0,340,0,88
139.584890990000076,35.66230751210599,314,仙川駅,70,2,0,2976,41,4563,201,1587
139.600773769000057,35.667968141105952,315,千歳烏山駅,336,10,11,5562,51,7312,135,1750
139.623943495000049,35.647392160106136,316,千歳船橋駅,115,6,5,2303,46,3081,90,778
139.796631026000114,35.742479780105143,317,千住大橋駅,2,1,0,636,9,945,15,309
139.744745085000091,35.727965481105322,318,千石駅,70,0,0,333,0,417,0,84
139.689397694000036,35.738173213105178,319,千川駅,36,0,1,1401,10,1678,30,277
139.711382285000013,35.681311002105829,320,千駄ヶ谷駅,3,0,0,182,0,186,0,4
139.763299704000019,35.725741550105361,321,千駄木駅,24,0,0,52,0,77,0,25
139.691476246000093,35.572981204106966,322,千鳥町駅,14,4,1,208,0,254,0,46
139.164223330000027,35.813672705104402,323,川井駅,0,0,0,12,3,40,4,28
139.770805800000062,35.763950140104953,324,扇大橋駅,3,0,0,390,0,740,0,350
139.739725082000064,35.638129508106267,325,泉岳寺駅,61,0,10,0,0,0,0,0
139.419551440000077,35.718769871105408,326,泉体育館駅,0,0,0,526,0,590,0,64
139.798607933000085,35.712265085105493,327,浅草駅,132,9,0,1238,0,1262,0,24
139.784557163000045,35.697414373105644,328,浅草橋駅,134,8,2,354,13,534,75,180
139.694322004000014,35.610359137106542,329,洗足駅,17,1,0,192,6,391,20,199
139.690986284000019,35.599705614106661,330,洗足池駅,27,3,5,407,0,440,0,33
139.773040303000016,35.621439097106418,331,船の科学館駅,0,0,0,0,0,0,0,0
139.863933574000043,35.683786522105756,332,船堀駅,2,0,0,3023,34,4000,47,977
139.609776902000021,35.643282634106185,333,祖師ヶ谷大蔵駅,68,3,6,2621,47,3726,163,1105
139.718956143000014,35.711851057105477,334,早稲田駅,83,0,0,305,13,308,34,3
139.740231623000113,35.733628513105238,335,巣鴨駅,184,5,3,1286,12,2004,38,718
139.331680600000027,35.60696516710658,336,相原駅,2,0,0,1119,145,1963,377,844
139.79085193100002,35.703147571105553,337,蔵前駅,206,11,3,144,0,271,0,127
139.770386966000046,35.754663939105043,338,足立小台駅,1,0,0,30,3,123,15,93
139.422797585000012,35.623677685106408,339,多摩センター駅,8,4,3,1063,325,3509,795,2446
139.366925631000072,35.601818528106655,340,多摩境駅,5,0,0,910,96,1160,112,250
139.668741935000071,35.589681948106765,341,多摩川駅,6,0,0,616,15,766,27,150
139.403693891000103,35.648602045106145,342,多摩動物公園駅,95,10,5,0,0,0,0,0
139.517147260000115,35.676886691105835,343,多磨駅,2,0,0,387,0,515,45,128
139.502592110000023,35.666211344105989,344,多磨霊園駅,0,0,0,956,16,1559,43,603
139.703373733000035,35.648228386106148,345,代官山駅,25,1,1,0,0,0,0,0
139.70205979900004,35.684097704105788,346,代々木駅,21,1,0,186,23,190,23,4
139.689786732000016,35.669102093105934,347,代々木公園駅,9,0,0,100,0,100,0,0
139.67983034800011,35.668997805105938,348,代々木上原駅,18,1,1,348,79,353,81,5
139.689053591000061,35.66971004010589,349,代々木八幡駅,19,0,3,161,12,161,12,0
139.659782054000061,35.6712198131059,350,代田橋駅,47,12,5,122,3,210,20,88
139.771414948000029,35.625909065106413,351,台場駅,17,0,0,0,0,0,0,0
139.747042545000113,35.595064076106731,352,大井競馬場前駅,8,1,0,115,6,411,19,296
139.735072249000041,35.606902931106553,353,大井町駅,107,3,2,1823,157,2362,290,539
139.686042695000083,35.607501986106548,354,大岡山駅,25,2,3,584,7,784,11,200
139.697520146000102,35.700529798105578,355,大久保駅,70,1,3,112,7,143,10,31
139.728175542000031,35.620074702106457,356,大崎駅,18,2,1,1005,175,1168,249,163
139.722484395000038,35.622474768106429,357,大崎広小路駅,23,0,0,0,0,0,0,0
139.702590371000042,35.748452313105133,358,大山駅,273,8,7,764,0,1367,40,603
139.781599612000036,35.778922682104806,359,大師前駅,5,2,0,112,0,260,0,148
139.728176744000052,35.588914926106796,360,大森駅,254,19,19,4815,46,4900,62,85
139.735340418000078,35.587257131106782,361,大森海岸駅,30,4,2,38,0,138,0,100
139.732076011000117,35.572610429106952,362,大森町駅,18,0,0,201,0,205,0,4
139.586817194000105,35.749400036105072,363,大泉学園駅,44,3,2,5753,94,7646,171,1893
139.739301922000095,35.552558531107131,364,大鳥居駅,14,0,0,656,17,828,23,172
139.416524130000084,35.636886709106271,365,大塚・帝京大学駅,4,0,0,431,8,540,15,109
139.727934046000087,35.731787133105293,366,大塚駅,16,1,0,1150,20,1828,50,678
139.834355901000094,35.689760256105707,367,大島駅,50,5,1,677,11,692,18,15
139.755702778000114,35.656679081106049,368,大門駅,50,1,0,0,0,0,0,0
139.461127524000062,35.723083407105342,369,鷹の台駅,6,4,0,1110,7,2095,14,985
139.19338072700009,35.805968847104531,370,沢井駅,0,0,0,0,0,0,0,0
139.810325679000016,35.645775695106153,371,辰巳駅,71,2,0,871,0,1669,0,798
139.770049351000011,35.788783668104671,372,谷在家駅,2,1,2,782,0,900,0,118
139.446756921000087,35.681370355105798,373,谷保駅,6,0,0,858,7,1253,40,395
139.643992750000052,35.76998466810489,374,地下鉄赤塚駅,22,0,2,910,15,1039,46,129
139.67339981300006,35.660413026106028,375,池ノ上駅,18,1,2,59,0,120,0,61
139.702820093000014,35.572035163106953,376,池上駅,90,8,5,430,9,661,15,231
139.684765767000044,35.650738028106076,377,池尻大橋駅,68,0,4,678,20,1091,60,413
139.71133398500001,35.730322054105294,378,池袋駅,298,20,15,3187,14,4724,17,1537
139.772471044000099,35.667929454105916,379,築地駅,76,0,0,90,20,252,20,162
139.766746977000025,35.664959407106004,380,築地市場駅,61,6,0,100,30,602,30,502
139.790722892000076,35.794383503104619,381,竹ノ塚駅,15,5,1,7543,113,12334,232,4791
139.761954052000078,35.654007241106065,382,竹芝駅,8,0,1,0,0,0,0,0
139.686610272000053,35.715120271105413,383,中井駅,13,0,1,111,3,220,30,109
139.712575349000076,35.605696890106572,384,中延駅,12,1,1,406,15,550,32,144
139.408622575000095,35.641958075106189,385,中央大学・明星大学駅,7,4,0,123,2,136,2,13
139.457689623000078,35.659583527106015,386,中河原駅,3,0,0,1611,40,2704,152,1093
139.375793478000105,35.709004282105532,387,中神駅,1,0,0,1748,31,2168,100,420
139.637518481000029,35.736784067105241,388,中村橋駅,71,2,4,1180,36,2200,77,1020
139.694526551000081,35.756207594105021,389,中板橋駅,185,8,10,443,0,474,0,31
139.698987147000025,35.644220746106214,390,中目黒駅,28,3,5,1327,16,2310,40,983
139.665738487000112,35.705766787105546,391,中野駅,292,16,41,7331,179,8372,197,1041
139.682956826,35.697877421105602,392,中野坂上駅,44,1,0,574,0,1162,0,588
139.673514674000103,35.69172442710569,393,中野新橋駅,68,12,7,157,0,159,0,2
139.666256084000111,35.690276705105724,394,中野富士見町駅,28,7,1,242,0,278,0,36
139.817345657000033,35.658713179106044,395,潮見駅,8,0,0,283,8,435,20,152
139.781404252000016,35.742240446105136,396,町屋駅,107,2,0,2671,34,2831,34,160
139.445534059000011,35.544585543107218,397,町田駅,38,3,0,8599,1856,9337,2477,738
139.54439839600002,35.651891444106091,398,調布駅,177,4,7,5504,270,8400,473,2896
139.6979281670001,35.60220804710665,399,長原駅,42,3,6,472,9,488,10,16
139.365885874000014,35.642788588106214,400,長沼駅,2,1,1,71,16,122,57,51
139.694497715000011,35.726507371105349,401,椎名町駅,43,2,0,319,0,670,0,351
139.48198392900008,35.58317932510684,402,鶴川駅,11,3,0,4124,580,4260,587,136
139.410826809000014,35.655295223106073,403,程久保駅,5,0,0,58,18,113,18,55
139.750741166000012,35.622780904106435,404,天王洲アイル駅,8,5,3,167,70,314,133,147
139.754551524000021,35.548313239107188,405,天空橋駅,3,0,0,186,17,260,25,74
139.667307373000085,35.596699524106718,406,田園調布駅,8,2,4,420,29,467,30,47
139.790303818000098,35.709916442105502,407,田原町駅,152,2,3,0,0,0,0,0
139.760852059000058,35.738063879105184,408,田端駅,37,1,0,2520,77,3128,80,608
139.747585027000014,35.645742787106187,409,田町駅・三田駅,49,3,0,817,44,1653,58,836
139.539245270000038,35.727271268105291,410,田無駅,110,8,0,6067,82,8786,172,2719
139.692618128000049,35.690588072105733,411,都庁前駅,210,6,23,201,25,261,29,60
139.719496202000073,35.711621566105499,412,都電早稲田駅,17,6,1,13,0,18,0,5
139.714496092000104,35.712979554105488,413,都電面影橋駅,8,2,0,0,0,0,0,0
139.644865741000103,35.722350747105367,414,都立家政駅,20,6,1,377,0,640,0,263
139.676468140000111,35.617851012106485,415,都立大学駅,25,5,1,1237,27,2510,79,1273
139.411690429000032,35.616761274106466,416,唐木田駅,0,0,0,162,84,342,223,180
139.831678534000048,35.707373159105501,417,東あずま駅,7,4,2,61,0,102,0,41
139.803683684000021,35.640750165106219,418,東雲駅,16,3,1,195,2,238,10,43
139.53392658000007,35.760322886104959,419,東久留米駅,39,4,0,4290,262,5640,372,1350
139.778581506000023,35.627199689106376,420,東京テレポート駅,8,0,0,65,0,190,10,125
139.766080158000022,35.681383572105801,421,東京駅,452,2,7,121,5,244,5,123
139.767403463000051,35.669369782105903,422,東銀座駅,37,0,0,0,0,0,0,0
139.819373507000023,35.724589816105315,423,東向島駅,19,2,0,296,0,457,0,161
139.658290784000087,35.697960563105603,424,東高円寺駅,13,0,0,659,2,931,10,272
139.311596743000109,35.725943158105338,425,東秋留駅,15,0,0,1545,42,1656,42,111
139.726795768000102,35.763923707104958,426,東十条駅,70,7,0,602,25,1737,100,1135
139.52376786800005,35.701572918105576,427,東小金井駅,10,0,0,2231,12,6172,149,3941
139.655647779000105,35.662660265105991,428,東松原駅,26,3,7,68,0,68,0,0
139.707682943,35.697892560105622,429,東新宿駅,115,3,2,229,0,297,0,68
139.272741039000039,35.78979771310464,430,東青梅駅,0,0,0,463,100,630,124,167
139.465855568000052,35.760051593105004,431,東村山駅,67,8,5,3733,122,4543,188,810
139.75788297400004,35.718004532105425,432,東大前駅,17,0,0,131,0,150,0,19
139.847188376000076,35.689914045105716,433,東大島駅,32,4,1,1584,15,2776,29,1192
139.434548732000053,35.73288792410527,434,東大和市駅,26,0,0,3328,22,3982,50,654
139.718858343000079,35.72594796410533,435,東池袋駅,9,0,0,374,22,584,22,210
139.384612064000066,35.70630889310555,436,東中神駅,1,0,0,476,0,922,0,446
139.684970258000021,35.70628630510555,437,東中野駅,32,4,1,1132,0,1273,0,141
139.683245180000085,35.730000780105293,438,東長崎駅,41,4,3,331,0,759,0,428
139.495276088000082,35.668789710105933,439,東府中駅,30,0,4,875,12,1874,20,999
139.662332546000016,35.768676983104875,440,東武練馬駅,65,4,1,1676,68,2890,140,1214
139.563756322000017,35.728756532105322,441,東伏見駅,7,0,0,964,7,1589,21,625
139.335947278000049,35.745757404105149,442,東福生駅,296,16,0,0,0,0,0,0
139.672987707000061,35.665442641105997,443,東北沢駅,14,0,0,0,0,0,0,0
139.817676784000014,35.669589892105954,444,東陽町駅,114,3,2,836,12,1273,54,437
139.769979185000011,35.706802218105551,445,湯島駅,17,0,0,28,0,42,0,14
139.648074401000031,35.608324516106528,446,等々力駅,15,1,4,331,20,331,24,0
139.755329119000066,35.669176345105896,447,内幸町駅,35,0,3,0,0,0,0,0
139.635569689000022,35.699454237105606,448,南阿佐ヶ谷駅,140,10,6,723,0,729,0,6
139.83169247100011,35.668413408105934,449,南砂町駅,42,2,0,2393,11,2716,67,323
139.698588738000012,35.683467170105807,450,南新宿駅,12,0,1,0,0,0,0,0
139.798767248000104,35.732333564105247,451,南千住駅,17,0,0,2732,28,2968,35,236
139.489585902000044,35.649250601106139,452,南多摩駅,22,0,0,788,119,829,129,41
139.380466014000035,35.614375144106504,453,南大沢駅,16,3,0,1276,128,2132,482,856
139.470329140000104,35.511500283107623,454,南町田駅,8,1,0,2012,215,2072,234,60
139.392372632000047,35.655020085106059,455,南平駅,0,0,0,430,23,994,40,564
139.62647043700008,35.611473101106526,456,二子玉川駅,34,3,7,4022,131,5858,191,1836
139.215786074000107,35.80433171710456,457,二俣尾駅,0,0,0,30,3,60,5,30
139.759070512000108,35.649140306106112,458,日の出駅,14,2,0,0,0,0,0,0
139.23003653000012,35.78795080610471,459,日向和田駅,0,0,0,166,6,182,13,16
139.770907445000034,35.727456055105314,460,日暮里駅,93,8,0,865,0,1520,0,655
139.77409615900001,35.68237406810578,461,日本橋駅,105,2,3,0,0,0,0,0
139.39345516100002,35.678688663105824,462,日野駅,26,1,2,1683,171,3061,302,1378
139.784462006000012,35.720564875105367,463,入谷駅,204,0,0,203,11,556,22,353
139.726225788000079,35.66659269310594,464,乃木坂駅,44,0,1,97,0,97,0,0
139.782120620000114,35.693120920105677,465,馬喰町駅・馬喰横山駅・東日本橋駅,53,1,0,49,0,172,0,123
139.711849659000109,35.596443850106688,466,馬込駅,11,4,4,541,29,600,29,59
139.343408919000012,35.721554890105374,467,拝島駅,1,0,0,1752,90,3210,167,1458
139.653580761000057,35.655987993106052,468,梅ヶ丘駅,98,9,3,357,26,560,59,203
139.728307704000031,35.56689909710704,469,梅屋敷駅,2,1,0,140,0,140,0,0
139.798154496000052,35.772281408104874,470,梅島駅,9,0,0,1116,15,2127,35,1011
139.477024961000097,35.740777290105164,471,萩山駅,33,5,0,276,4,384,10,108
139.114659360000019,35.811804651104431,472,白丸駅,0,0,0,5,0,21,2,16
139.7342831200001,35.643147829106191,473,白金高輪駅,17,1,1,172,0,270,0,98
139.725855974000069,35.637772189106279,474,白金台駅,9,0,0,228,0,228,0,0
139.752207206000094,35.721332137105371,475,白山駅,83,5,4,183,0,210,0,27
139.510083307000059,35.666593173105973,476,白糸台駅,0,0,0,597,7,678,17,81
139.346748299000069,35.771501410104825,477,箱根ケ崎駅,0,0,0,0,0,1287,99,1287
139.676828342000022,35.677235359105836,478,幡ヶ谷駅,30,1,1,372,147,422,161,50
139.330680011000027,35.630724577106356,479,八王子みなみ野駅,0,0,0,1163,62,1520,147,357
139.339017287000047,35.655451414106103,480,八王子駅,154,28,7,4579,481,7571,1396,2992
139.82831392300011,35.727163376105338,481,八広駅,19,4,1,457,7,684,19,227
139.467740683000102,35.744947129105157,482,八坂駅,12,6,0,719,0,719,0,0
139.777988698000058,35.674620468105864,483,八丁堀駅,93,2,1,63,0,294,0,231
139.615718677000018,35.669880890105908,484,八幡山駅,54,2,2,923,23,1423,52,500
139.128848540000035,35.815200981104418,485,鳩ノ巣駅,0,0,0,0,0,0,0,0
139.741690935000065,35.685380639105766,486,半蔵門駅,134,11,9,0,0,0,0,0
139.719129877000114,35.744847167105128,487,板橋駅,98,2,7,800,15,1399,31,599
139.710046004000105,35.75130245210508,488,板橋区役所前駅,161,17,5,617,34,858,147,241
139.70559718200002,35.761101442104952,489,板橋本町駅,59,2,3,792,7,870,34,78
139.74465761700003,35.701512604105602,490,飯田橋駅,295,17,8,510,29,568,41,58
139.523441788000014,35.660124912106021,491,飛田給駅,27,3,1,367,24,1300,55,933
139.753726111000105,35.746851708105112,492,尾久駅,26,2,3,535,0,565,0,30
139.654093551000074,35.606921193106565,493,尾山台駅,39,5,2,667,25,667,67,0
139.431385969000075,35.657391076106059,494,百草園駅,9,0,0,204,29,654,31,450
139.66546527200012,35.749616302105089,495,氷川台駅,9,0,0,1803,16,2503,47,700
139.711341675000085,35.665650256105955,496,表参道駅,42,0,0,117,0,312,0,195
139.749924884000052,35.610306469106568,497,品川シーサイド駅,37,3,1,490,19,1087,32,597
139.739129871000046,35.628166156106388,498,品川駅,24,0,0,1591,54,2097,123,506
139.757102256000053,35.655324298106038,499,浜松町駅,13,0,1,183,17,238,50,55
139.788118094000083,35.688591941105742,500,浜町駅,22,0,0,49,53,300,53,251
139.627512356000011,35.681634199105822,501,浜田山駅,51,5,4,759,2,1129,10,370
139.713429118000022,35.625566885106394,502,不動前駅,21,0,0,180,0,200,0,20
139.607173787000079,35.684786630105798,503,富士見ヶ丘駅,0,0,0,390,0,588,0,198
139.629752387000053,35.735868303105235,504,富士見台駅,42,1,3,1108,10,1326,44,218
139.551828799000077,35.64986743910611,505,布田駅,4,2,0,363,0,363,0,0
139.480117798000038,35.672201659105887,506,府中駅,11,2,1,2661,94,4818,268,2157
139.485130112000093,35.668362225105945,507,府中競馬正門前駅,0,0,0,0,0,0,0,0
139.477142706000109,35.665813896105981,508,府中本町駅,4,0,0,874,61,1195,76,321
139.691397189000099,35.791186618104639,509,浮間舟渡駅,73,7,3,1073,26,2105,69,1032
139.269951454000079,35.729730448105293,510,武蔵引田駅,25,0,0,918,30,989,55,71
139.576412661000063,35.727622820105331,511,武蔵関駅,37,1,2,1430,0,2482,14,1052
139.543869747000031,35.702107334105591,512,武蔵境駅,56,3,0,7310,126,11265,280,3955
139.228031508000072,35.732248980105261,513,武蔵五日市駅,0,0,0,545,37,744,83,199
139.392301505000091,35.728910080105294,514,武蔵砂川駅,3,0,1,1202,54,1467,136,265
139.506389733000105,35.701069020105606,515,武蔵小金井駅,42,2,0,4527,42,6151,68,1624
139.704488668000067,35.620537662106436,516,武蔵小山駅,185,3,2,594,13,855,30,261
139.692628941000066,35.56772282910697,517,武蔵新田駅,8,0,0,569,9,1163,45,594
139.256303418000016,35.730950666105286,518,武蔵増戸駅,3,0,0,398,18,854,50,456
139.443969258000038,35.75638925710502,519,武蔵大和駅,11,1,0,1213,20,1377,20,164
139.511319385000093,35.664131591105978,520,武蔵野台駅,1,0,0,1383,35,1837,35,454
139.327708283000106,35.742532885105156,521,福生駅,10,0,0,1876,100,3775,227,1899
139.468697537000025,35.668463389105916,522,分倍河原駅,9,1,0,2637,51,4123,143,1486
139.842412032000084,35.706503291105527,523,平井駅,33,0,0,3039,30,4343,49,1304
139.379945776000113,35.647340496106182,524,平山城址公園駅,0,0,0,298,57,578,89,280
139.654296119000037,35.757554928104987,525,平和台駅,16,0,3,2672,19,3644,74,972
139.734959311000011,35.57872858110688,526,平和島駅,31,0,2,1574,10,1620,10,46
139.341222474000119,35.639655381106245,527,片倉駅,4,0,0,262,44,785,128,523
139.567898047000085,35.748301167105112,528,保谷駅,24,1,0,5733,141,10485,303,4752
139.772089215000051,35.675678247105864,529,宝町駅,20,0,0,0,0,0,0,0
139.657923613000094,35.683525321105748,530,方南町駅,70,2,0,465,7,578,10,113
139.795421381000097,35.653748924106104,531,豊洲駅,63,4,2,1831,35,3816,46,1985
139.381493996000017,35.659500385106035,532,豊田駅,70,4,0,3691,244,5266,466,1575
139.647984771000097,35.742032591105165,533,豊島園駅,19,1,1,489,0,737,14,248
139.832125002000112,35.77697100610478,534,北綾瀬駅,13,1,0,1341,4,2403,43,1062
139.705312673000094,35.678675206105801,535,北参道駅,10,0,0,60,27,60,27,0
139.706715996000071,35.786426855104708,536,北赤羽駅,79,1,0,931,16,1375,37,444
139.805266027000016,35.749925321105053,537,北千住駅,19,4,3,3865,77,5875,83,2010
139.693122026000083,35.606347849106612,538,北千束駅,2,0,0,31,0,55,0,24
139.716551511000034,35.740518973105168,539,北池袋駅,14,3,1,112,0,122,0,10
139.363344514000119,35.669284718105942,540,北八王子駅,131,8,10,414,42,511,44,97
139.739198835000025,35.622714343106395,541,北品川駅,19,1,0,44,37,44,38,0
139.471649562000039,35.680842187105789,542,北府中駅,0,0,0,964,10,1491,25,527
139.354458164000107,35.644405533106173,543,北野駅,5,1,0,414,114,1082,436,668
139.816877563000048,35.743919628105154,544,堀切駅,0,0,0,0,0,0,0,0
139.827823962000025,35.747693221105123,545,堀切菖蒲園駅,91,11,0,593,0,869,0,276
139.760613206000016,35.707568759105534,546,本郷三丁目駅,78,0,0,240,0,267,0,27
139.753809013000023,35.724364900105357,547,本駒込駅,25,0,0,101,0,104,0,3
139.804555715000106,35.708599144105506,548,本所吾妻橋駅,134,2,10,261,0,347,0,86
139.702104975000111,35.76898576210489,549,本蓮沼駅,93,7,11,323,0,484,5,161
139.737038343000108,35.654808625106057,550,麻布十番駅,99,1,0,293,0,352,30,59
139.77175760800003,35.702781842105544,551,末広町駅,308,7,4,0,0,0,0,0
139.420018573000107,35.671238797105893,552,万願寺駅,0,0,0,209,2,652,14,443
139.650521085000037,35.668320654105948,553,明大前駅,53,0,0,1326,23,1513,71,187
139.807110532000024,35.669356566105947,554,木場駅,69,7,5,787,0,1108,0,321
139.715755414000114,35.633795547106324,555,目黒駅,113,8,3,333,65,424,88,91
139.706162116000087,35.72009437710539,556,目白駅,18,0,0,966,11,1387,28,421
139.795115725000073,35.672762267105881,557,門前仲町駅,167,16,12,806,17,1608,34,802
139.653631223000048,35.719533529105369,558,野方駅,65,8,5,604,0,1021,0,417
139.700341690000073,35.562510109107052,559,矢口渡駅,5,0,0,716,0,716,0,0
139.431674804000068,35.685026444105766,560,矢川駅,1,0,0,793,19,1152,40,359
139.520514273000117,35.641664728106214,561,矢野口駅,7,1,0,827,68,973,83,146
139.763318688000027,35.675107787105858,562,有楽町駅,261,3,0,118,0,174,0,56
139.788883915000042,35.639976656106199,563,有明テニスの森駅,0,1,2,6,0,80,0,74
139.69079428900011,35.63726853110628,564,祐天寺駅,18,5,2,419,4,860,11,441
139.634209138000074,35.626594867106348,565,用賀駅,78,7,5,2997,31,3340,89,343
139.698476760000062,35.733211842105256,566,要町駅,103,4,0,719,1,927,10,208
139.685927594000077,35.710646218105524,567,落合駅,28,0,0,273,0,295,0,22
139.683486677000019,35.723372482105368,568,落合南長崎駅,41,0,1,525,3,755,29,230
139.738856655000063,35.598440701106711,569,立会川駅,19,1,1,170,44,277,87,107
139.413901850000116,35.697896625105621,570,立川駅・立川北駅・立川南駅,72,5,7,7109,190,11396,353,4287
139.417117972000028,35.714355171105467,571,立飛駅,123,4,2,0,0,0,0,0
139.749141282000096,35.58153642810683,572,流通センター駅,46,11,12,84,18,84,18,0
139.741291565000097,35.673090991105859,573,溜池山王駅,41,0,1,0,0,0,0,0
139.79391857600001,35.695766910105668,574,両国駅,204,22,23,611,0,814,0,203
139.679329573000018,35.606428829106548,575,緑が丘駅,23,5,1,209,0,353,7,144
139.463988957000083,35.71133586410545,576,恋ヶ窪駅,0,0,0,390,2,803,5,413
139.654461923000099,35.737903121105226,577,練馬駅,89,5,4,2525,43,3179,98,654
139.616867287000105,35.740607642105161,578,練馬高野台駅,24,0,1,1293,16,1451,41,158
139.640755976000037,35.751363006105088,579,練馬春日町駅,9,0,0,721,1,1044,10,323
139.679038816000116,35.784178414104716,580,蓮根駅,85,9,1,841,23,957,23,116
139.708511240000121,35.564203468107046,581,蓮沼駅,5,0,0,54,24,150,53,96
139.707605328000113,35.540596886107259,582,六郷土手駅,1,0,0,660,6,681,10,21
139.821852390000117,35.784775788104703,583,六町駅,5,0,0,3439,51,5413,132,1974
139.738898947000052,35.665074749105948,584,六本木一丁目駅,137,1,0,0,0,0,0,0
139.731272945000114,35.664067192105968,585,六本木駅,79,1,1,148,0,344,0,196
139.573747789000095,35.627507027106347,586,和泉多摩川駅,10,1,0,1178,71,1320,89,142
139.729597848000026,35.554500836107131,587,糀谷駅,8,0,0,742,0,990,0,248
139.737173149000114,35.716972945105439,588,茗荷谷駅,58,0,0,337,0,460,0,123
139.778292431000068,35.721225927105358,589,鶯谷駅,206,8,8,646,0,670,0,24
