﻿<?xml version="1.0" encoding="utf-8" ?>
<Settings>
  <!-- These settings are used to configure the app for use with different webmaps. Modify to suit your needs -->
  <ArcGISOnlineURL>https://www.arcgis.com/sharing/rest</ArcGISOnlineURL>
  <WebmapURL>https://www.arcgis.com/home/item.html?id=269d484a5e004ca0814c96ba3eb2cccd</WebmapURL>
  <DefaultZoomScale>5000</DefaultZoomScale>
  <AppClientID></AppClientID>
  <RedirectURL>EsriJapanDataCollection://auth</RedirectURL>
  
  <!-- The settings below are speficic to the Tree Survey dataset and workflow. Do not modify -->
  <TreeDatasetWebmapUrl>http://arcgisruntime.maps.arcgis.com/home/item.html?id=16f1b8ba37b44dc3884afc8d5f454dd2</TreeDatasetWebmapUrl>
  <GeocodeUrl>https://geocode.arcgis.com/arcgis/rest/services/World/GeocodeServer</GeocodeUrl>
  <OfflineLocatorPath>\Resources\AddressLocator.loc</OfflineLocatorPath>
  <NeighborhoodOperationalLayerId>0</NeighborhoodOperationalLayerId>
  <NeighborhoodNameField>NAME</NeighborhoodNameField>
  <NeighborhoodAttribute>Neighborhood</NeighborhoodAttribute>
  <AddressAttribute>Address</AddressAttribute>
  <TreeConditionAttribute>Condition</TreeConditionAttribute>
  <InspectionConditionAttribute>Condition</InspectionConditionAttribute>
  <TreeDBHAttribute>DBH</TreeDBHAttribute>
  <InspectionDBHAttribute>DBH</InspectionDBHAttribute>
  
  <!-- The following settings are modified by the app and should not be manually edited. Do not modify -->
  <OAuthRefreshToken />
  <ConnectivityMode>Online</ConnectivityMode>
  <DownloadPath />
  <SyncDate />
</Settings>
